insert into authors (id, first_name, last_name) values (1, 'Matilde', 'Thresh');
insert into authors (id, first_name, last_name) values (2, 'Sarina', 'Baukham');
insert into authors (id, first_name, last_name) values (3, 'Rosene', 'Leddie');
insert into authors (id, first_name, last_name) values (4, 'Diannne', 'Offell');
insert into authors (id, first_name, last_name) values (5, 'Diego', 'Beynon');
insert into authors (id, first_name, last_name) values (6, 'Joelly', 'Lickess');
insert into authors (id, first_name, last_name) values (7, 'Aeriela', 'Goulding');
insert into authors (id, first_name, last_name) values (8, 'Rodger', 'Thewys');
insert into authors (id, first_name, last_name) values (9, 'Daisie', 'Denisot');
insert into authors (id, first_name, last_name) values (10, 'Bartram', 'Moehler');
insert into authors (id, first_name, last_name) values (11, 'Katerina', 'Huckster');
insert into authors (id, first_name, last_name) values (12, 'Law', 'Bardnam');
insert into authors (id, first_name, last_name) values (13, 'Bobette', 'Tole');
insert into authors (id, first_name, last_name) values (14, 'Xever', 'Menauteau');
insert into authors (id, first_name, last_name) values (15, 'Cello', 'Banister');
insert into authors (id, first_name, last_name) values (16, 'Aldo', 'Bermingham');
insert into authors (id, first_name, last_name) values (17, 'Martino', 'Lumsden');
insert into authors (id, first_name, last_name) values (18, 'Mel', 'Lilion');
insert into authors (id, first_name, last_name) values (19, 'Candi', 'Barkshire');
insert into authors (id, first_name, last_name) values (20, 'Gerald', 'Coldicott');
insert into authors (id, first_name, last_name) values (21, 'Randy', 'Borley');

insert into books (id, price, price_old, title, author_id) values (1, 2178, 3126, 'chlorothiazide sodium', 1);
insert into books (id, price, price_old, title, author_id) values (2, 699, 3491, 'Povidone-Iodine', 4);
insert into books (id, price, price_old, title, author_id) values (3, 1018, 2770, 'BENZALKONIUM CHLORIDE', 9);
insert into books (id, price, price_old, title, author_id) values (4, 2206, 1981, 'Fentanyl', 14);
insert into books (id, price, price_old, title, author_id) values (5, 2921, 1563, 'ZINC OXIDE, OCTINOXATE, TITANIUM DIOXIDE, OCTISALATE', 2);
insert into books (id, price, price_old, title, author_id) values (6, 2134, 1144, 'SALICYLIC ACID', 3);
insert into books (id, price, price_old, title, author_id) values (7, 1266, 3699, 'Thyrotropin Releasing Hormone', 4);
insert into books (id, price, price_old, title, author_id) values (8, 516, 2579, 'Tamsulosin Hydrochloride', 20);
insert into books (id, price, price_old, title, author_id) values (9, 656, 2927, 'Succinylcholine Chloride', 19);
insert into books (id, price, price_old, title, author_id) values (10, 600, 2669, 'BELLIS PERENNIS', 7);
insert into books (id, price, price_old, title, author_id) values (11, 1268, 1142, 'Acetaminophen, Diphenhydramine hydrochloride, Phenylephrine hydrochloride', 8);
insert into books (id, price, price_old, title, author_id) values (12, 2260, 3099, 'Miconazole Nitrate', 15);
insert into books (id, price, price_old, title, author_id) values (13, 2206, 2777, 'Treatment Set TS330718', 12);
insert into books (id, price, price_old, title, author_id) values (14, 2606, 1264, 'Ethyl Alcohol', 12);
insert into books (id, price, price_old, title, author_id) values (15, 2754, 3325, 'Rough Marsh Elder', 9);
insert into books (id, price, price_old, title, author_id) values (16, 2767, 2559, 'Titanium Dioxide and Octinoxate', 3);
insert into books (id, price, price_old, title, author_id) values (17, 1793, 2434, 'WARFARIN SODIUM', 15);
insert into books (id, price, price_old, title, author_id) values (18, 1686, 3568, 'Dextromethorphan HBr, Doxylamine succinate', 7);
insert into books (id, price, price_old, title, author_id) values (19, 1909, 1564, 'sumatriptan succinate', 2);
insert into books (id, price, price_old, title, author_id) values (20, 1629, 2452, 'Acetaminophen, Dextromethorphan HBr, Guaifenesin, Phenylephrine HCl', 17);
insert into books (id, price, price_old, title, author_id) values (21, 2914, 1890, 'Coagulation Factor VIIa (Recombinant)', 19);

insert into recommended_books (book_id) values (17);
insert into recommended_books (book_id) values (5);
insert into recommended_books (book_id) values (15);
insert into recommended_books (book_id) values (1);
insert into recommended_books (book_id) values (10);
insert into recommended_books (book_id) values (21);
insert into recommended_books (book_id) values (18);

insert into popular_books (book_id) values (17);
insert into popular_books (book_id) values (7);
insert into popular_books (book_id) values (5);
insert into popular_books (book_id) values (14);
insert into popular_books (book_id) values (6);
insert into popular_books (book_id) values (1);
insert into popular_books (book_id) values (12);

insert into postponed_books (book_id) values (12);
insert into postponed_books (book_id) values (18);
insert into postponed_books (book_id) values (20);
insert into postponed_books (book_id) values (17);
insert into postponed_books (book_id) values (16);
insert into postponed_books (book_id) values (15);
insert into postponed_books (book_id) values (11);

insert into recent_books (book_id) values (8);
insert into recent_books (book_id) values (10);
insert into recent_books (book_id) values (19);
insert into recent_books (book_id) values (21);
insert into recent_books (book_id) values (17);
insert into recent_books (book_id) values (2);
insert into recent_books (book_id) values (16);
insert into recent_books (book_id) values (18);
insert into recent_books (book_id) values (4);
insert into recent_books (book_id) values (14);
insert into recent_books (book_id) values (9);

insert into reserved_books (book_id) values (7);
insert into reserved_books (book_id) values (2);
insert into reserved_books (book_id) values (3);
insert into reserved_books (book_id) values (8);